title,author
ad - Acting Edition,Bert V. Royal
Dog Songs: Poems,Mary Oliver
Dollbaby: A Novel,Laura Lane McNeal
Dollhouse: A Novel,Kim Kardashian
Dominoes,Susan Emshwiller
Don Juan Tenorio (Clasicos de la literatura series),Jose Zorrilla
Don Quijote de la Mancha (Spanish Edition),Miguel Cervantes
Don Quijote de la Mancha (Spanish Edition),Miguel de Cervantes
"Don Quijote: Legacy Edition (Cervantes & Co.) (Spanish Edition) (European Masterpieces, Cervantes & Co. Spanish Classics)",Miguel de Cervantes Saavedra
Don Quixote,Miguel de Cervantes
Don Quixote of La Mancha (Restless Classics),Miguel de Cervantes
Don't Ever Get Old (Buck Schatz Series),Daniel Friedman
"Don't Jump: Sex, Drugs, Rock 'N Roll... And My Fucking Mother",Vicki Abelson
Don't Let Me Go,Catherine Ryan Hyde
Don't Make Me Wait (Urban Books),Shana Burton
Don't: A Manual Of Mistakes And Improprieties More Or Less Prevalent In Conduct And Speech (1884),Censor
Donald Duk,Frank Chin
Doomed,Chuck Palahniuk
Dopefiend,Donald Goines
Dopeman: Memoirs of a Snitch:: Part 3 of Dopeman's Trilogy,JaQuavis Coleman
Down For Him: A Hood Love Story,Jada Pullen
Down These Mean Streets,Piri Thomas
"Dr Seuss Collection 20 Books Set Pack (The Cat in the Hat, Green Eggs and Ham, Fox in Socks, One Fish Two Fish Red Fish Blue Fish, How the Grinch Stole Christmas!, Oh the Places You'll Go!, the Cat in the Hat Comes Back, Dr. Seuss' Abc, Dr. Seuss ..)",Dr. Seuss
Dr. Faustus (Dover Thrift Editions),Christopher Marlowe
Dr. Seuss Pops Up,Dr. Seuss
Dracula,Bram Stoker
Dracula: A Play in Two Acts,Bram Stoker
Dracula: Writer's Digest Annotated Classics,Bram Stoker
Dracula's Guest and Other Weird Tales (Penguin Classics),Bram Stoker
Dragon (Dirk Pitt Adventure),Clive Cussler
Dragon Warrior (Midnight Bay),Janet Chapman
Dragonfish: A Novel,Vu Tran
Dragonvein: Book Two,Brian D. Anderson
Drama Essentials: An Anthology of Plays,Matthew Roudane
Drama Ministry,Steve Pederson
"Drama, Drinks and Double Faults: The Skinny about Tennis Fanatics That No One Has Had the Balls to Say . . . 'Til Now!",Mary Moses
"Drama, Skits, & Sketches 3",Youth Specialties
Drama: A Pocket Anthology (Penguin Academics Series) (5th Edition),R. S. Gwynn
Dreams in a Time of War: A Childhood Memoir,Ngugi wa Thiong'o
Dreams Of My Mothers: A Story Of Love Transcendent,Joel L. A. Peterson
Dreams of the Red Phoenix,Virginia Pye
Dreamtigers (Texas Pan American Series),Jorge Luis Borges
Drifting House,Krys Lee
Drink Cultura: Chicanismo,Jos Antonio Burciaga
Driven To Be Loved (Carmen Sisters),Pat Simmons
Driving the King: A Novel,Ravi Howard
Drone Command (A Troy Pearce Novel),Mike Maden
Drone String: Poems,Sherry Cook Stanforth
Drones (The Maliviziati Series.) (Volume 1),Johnny Ray
Drown,Junot Diaz
Drowned Boy: Stories (Mary McCarthy Prize in Short Fiction),Jerry Gabriel
Drowning Ruth: A Novel (Oprah's Book Club),Christina Schwarz
Drunk Enough to Say I Love You?,Caryl Churchill
Dry Bones: A Walt Longmire Mystery (Walt Longmire Mysteries),Craig Johnson
Dryland,Sara Jaffe
Dubliners,James Joyce
Dubliners (Dover Thrift Editions),James Joyce
Duende: Poems,Tracy K. Smith
Dumpling Field: Haiku Of Issa,Lucien Stryk
Dust,Yvonne Adhiambo Owuor
Dusty Locks and the Three Bears,Susan Lowell
Dysfluencies: On Speech Disorders in Modern Literature,Chris Eagle
Each Shining Hour: A Novel of Watervalley,Jeff High
Each Thing Unblurred is Broken,Andrea Baker
Early One Morning,Virginia Baily
Early Warning: A novel,Jane Smiley
"Earth Is My Mother, Sky Is My Father: Space, Time, and Astronomy in Navajo Sandpainting",Trudy Griffin-Pierce
Earth Medicine: Ancestor's Ways of Harmony for Many Moons,Jamie Sams
East of Acre Lane,Alex Wheatle
East Of Eden - John Steinbeck Centennial Edition (1902-2002),"John; With an Introduction by Wyatt, David Steinbeck"
East of Eden (Penguin Twentieth Century Classics),John Steinbeck
Ebenezer Scrooge: Ghost Hunter,Jaqueline Kyle
Echoes of a Distant Summer,Guy Johnson
"Echoes: Tired, Worn Out and Over It. Ignoring the Echoes and Listening to God's Voice.",Stephanie DeLores Moore
Ecocriticism on the Edge: The Anthropocene as a Threshold Concept,Timothy Clark
Edda (Everyman's Library),Snorri Sturluson
Edgar Allan Poe: Complete Tales and Poems,Edgar Allan Poe
EDGE OF WONDER: Notes From The Wildness Of Being,Victoria Erickson
Edipo Rey / Oedipus the King (Catedra Base / Base Cathedra) (Spanish Edition),Sophocles
Edith and Winnifred Eaton: CHINATOWN MISSIONS AND JAPANESE ROMANCES (Asian American Experience),Dominika Ferens
"Edith Stein: Letters to Roman Ingarden (Stein, Edith//the Collected Works of Edith Stein)",Edith Stein
Edmund Burke: Selected Writings and Speeches,Edmund Burke
Egeria's Travels,John Wilkinson
"Egyptian Mythology: A Guide to the Gods, Goddesses, and Traditions of Ancient Egypt",Geraldine Pinch
Egyptian Proverbs (Tem T Tchaas),Muata Ashby
Eichmann in Jerusalem: A Report on the Banality of Evil (Penguin Classics),Hannah Arendt
Eight Months on Ghazzah Street: A Novel,Hilary Mantel
El Alquimista: Una Fabula Para Seguir Tus Suenos,Paulo Coelho
El amor en los tiempos del clera (Oprah #59) (Spanish Edition),Gabriel Garca Mrquez
El Arroyo de la Llorona y otros cuentos,Sandra Cisneros
El Borak and Other Desert Adventures,Robert E. Howard
El Caballero De La Armadura Oxidada / the Knight in Rusty Armor (Spanish Edition),Robert Fisher
El caballero de los Siete Reinos [Knight of the Seven Kingdoms-Spanish] (A Vintage Espaol Original) (Spanish Edition),George R. R. Martin
El Conde Lucanor (Spanish Edition),Don Juan Manuel
El Corazon de un Artista (Spanish Edition),Rory Noland
El coronel no tiene quien le escriba (Spanish Edition),Gabriel Garca Mrquez
El Diario de Ana Frank (Anne Frank: The Diary of a Young Girl) (Spanish Edition),Ana Frank
El hombre que amaba a los perros (Coleccion Andanzas) (Spanish Edition),Leonardo Padura
El laberinto de la soledad,Octavio Paz
El Leon Bruja y el Ropero (Narnia) (Spanish Edition),C. S. Lewis
El maestro y Margarita (Spanish Edition),Mijal Bulgkov
El murmullo de las abejas (Spanish Edition),Sofa Segovia
El Presagio: El misterio ancestral que guarda el secreto del futuro del mundo (Spanish Edition),Jonathan Cahn
El profeta rojo (Spanish Edition),Orson Scott Card
El secreto del Bamb: Una fbula (Spanish Edition),Ismael Cala
El senor de las moscas / Lord of the Flies (Spanish Edition),William Golding
El Senor Presidente,Miguel Angel Asturias
El tiempo entre costuras: Una novela (Atria Espanol) (Spanish Edition),Mara Dueas
El Tunel / The Tunnel (Spanish Edition),Ernesto Sabato
El Viaje de Su Vida (Nivel 1 / Libro D) (Spanish Edition),Lisa Ray Turner
Eldorado Red,Donald Goines
Electra (Greek Tragedy in New Translations),Sophocles
Electra and Other Plays (Penguin Classics),Sophocles
Elegy for a Broken Machine: Poems,Patrick Phillips
Elephant Prince: The Story of Ganesh,Amy Novesky
Eleven Minutes: A Novel (P.S.),Paulo Coelho
Elias' Proverbs,Daniel Molyneux
Elijah in Jerusalem,Michael D. O'Brien
"Elizabeth Bishop: Poems, Prose and Letters (Library of America)",Elizabeth Bishop
Elizabeth Street,Laurie Fabiano
"Elliot, A Soldier's Fugue",Quiara Alegra Hudes
"Elmer Rice: Three Plays: The Adding Machine, Street Scene and Dream Girl",Elmer Rice
Emerson: Essays and Lectures: Nature: Addresses and Lectures / Essays: First and Second Series / Representative Men / English Traits / The Conduct of Life (Library of America),Ralph Waldo Emerson
Emerson: The Mind on Fire (Centennial Books),Robert D. Richardson
Emily Dickinson:  A Biography,Connie Ann Kirk
Emily Dickinson: Selected Letters,Emily Dickinson
Emily's Hope,Ellen Gable
Emma (Dover Thrift Editions),Jane Austen
Emma (Fourth Edition)  (Norton Critical Editions),Jane Austen
Emma (Penguin Classics),Jane Austen
"Emma, la cautiva (Spanish Edition)",Csar Aira
Emotionally Weird: A Novel,Kate Atkinson
Empire and Honor (Honor Bound),W.E.B. Griffin
Empire and Memory: The Representation of the Roman Republic in Imperial Culture (Roman Literature and its Contexts),Alain M. Gowing
Empire of Chance: The Napoleonic Wars and the Disorder of Things,Anders Engberg-Pedersen
Empire of Gold: A Novel (Nina Wilde and Eddie Chase),Andy McDermott
Empire of Kalman the Cripple (Library of Modern Jewish Literature),Yehuda Elberg
Empire of Self: A Life of Gore Vidal,Jay Parini
"En busca de la verdad / In search of truth: Discursos, Cartas De Lector, Entrevistas, Artculos / Speeches, Reader Letters, Interviews, Articles (Spanish Edition)",Thomas Bernhard
En el tiempo de las mariposas (Spanish Edition),Julia Alvarez
Enacting the Word: Using Drama in Preaching,James O. Chatham
Enchantress: A Novel of Rav Hisda's Daughter,Maggie Anton
End Of The Rainbow (Modern Plays),Peter Quilter
End Zone,Don DeLillo
Ends of Assimilation: The Formation of Chicano Literature,John Alba Cutler
Enemy In The Ashes,William W. Johnstone
Enemy Women,Paulette Jiles
English Romantic Poetry: An Anthology (Dover Thrift Editions),William Blake
Enigma of China: An Inspector Chen Novel (Inspector Chen Cao),Qiu Xiaolong
Envy (New York Review Books Classics),Yuri Olesha
Epigrams: With parallel Latin text (Oxford World's Classics),Martial
Epistemology of the Closet,Eve Kosofsky Sedgwick
Epitaph: A Novel of the O.K. Corral,Mary Doria Russell
Erasure: A Novel,Percival Everett
Eric Carle's Animals Animals,Eric Carle
Eros the Bittersweet (Canadian Literature),Anne Carson
Erratic Facts,Kay Ryan
Escape From The Ashes,William W. Johnstone
Escape Velocity,Charles Portis
Espresso Tales,Alexander McCall Smith
Essays (Everyman's Library Classics & Contemporary Classics),George Orwell
Essential Literary Terms: A Brief Norton Guide with Exercises,Sharon Hamilton
Essential Shakespeare Handbook,Leslie Dunton-Downer
Essie's Roses,Michelle Muriel
Estrategias Tematicas Y Narrativas En La Novela Feminizada De Maria De Zayas: Spa,Pilar Alcalde
Eternity's Sunrise: The Imaginative World of William Blake,Leo Damrosch
"Eudora Welty : Stories, Essays & Memoir (Library of America, 102)",Eudora Welty
Eugene O'Neill : Complete Plays 1913-1920 (Library of America),Eugene O'Neill
Eugene O'Neill : Complete Plays 1932-1943 (Library of America),Eugene O'Neill
Eugene Onegin (Russian Edition),Alexander Pushkin
Euphoria,Lily King
"Euripides IV: Helen, The Phoenician Women, Orestes (The Complete Greek Tragedies)",Euripides
"Euripides V: Bacchae, Iphigenia in Aulis, The Cyclops, Rhesus (The Complete Greek Tragedies)",Euripides
"Euripides V: Electra, The Phoenician Women, The Bacchae (The Complete Greek Tragedies) (Vol 5)",Euripides
"Euripides I: Alcestis, Medea, The Children of Heracles, Hippolytus (The Complete Greek Tragedies)",Euripides
"Euripides I: Alcestis, The Medea, The Heracleidae, Hippolytus (The Complete Greek Tragedies) (Vol 3)",Euripides
"Euripides III: Heracles, The Trojan Women, Iphigenia among the Taurians, Ion (The Complete Greek Tragedies)",Euripides
"Euripides, Volume III. Suppliant Women. Electra. Heracles (Loeb Classical Library No. 9)",Euripides
"Euripides, Volume IV. Trojan Women. Iphigenia among the Taurians. Ion (Loeb Classical Library No. 10)",Euripides
Euripides: Bacchae (Duckworth Companions to Greek & Roman Tragedy),Sophie Mills
Euripides: Hippolytus (Duckworth Companions to Greek & Roman Tragedy),Sophie Mills
Euripides: Medea (Cambridge Greek and Latin Classics) (Greek and English Edition),Euripides
Euripides: Medea (Cambridge Translations from Greek Drama),Euripides
Euripides: Medea (Duckworth Companions to Greek & Roman Tragedy),William Allan
"Euripides: Medea, Hippolytus, Heracles, Bacchae",Euripides
Euripides: Suppliant Women (Classical Texts) (Ancient Greek Edition),James Morwood
Euripides: Suppliant Women (Companions to Greek and Roman Tragedy),Ian C. Storey
Euripides: Trojan Women (Duckworth Companions to Greek & Roman Tragedy),Barbara Goff
Euripides' Hippolytus,Euripides
"European Proverbs in 55 Languages with Equivalents in Arabic, Persian, Sanskrit, Chinese and Japanese",Gyula Paczolay
Eurydice,Sarah Ruhl
Eve: A Novel,WM. Paul Young
Eve's Hollywood (New Yorkreview Books Classics),Eve Babitz
Even in Darkness: A Novel,Barbara Stark-Nemon
Evening Stars (Blackberry Island),Susan Mallery
Ever Yours: The Essential Letters,Vincent van Gogh
Evergreen Falls: A Novel,Kimberley Freeman
Every Closed Eye Ain't 'Sleep,MaRita Teague
Every Day,David Levithan
Every Day Is for the Thief: Fiction,Teju Cole
Every Thug Needs A Lady,Wahida Clark
Everybody Rise: A Novel,Stephanie Clifford
Everyman and Other Miracle and Morality Plays (Dover Thrift Editions),Anonymous
Everyone I Love is a Stranger to Someone,Annelyse Gelman
Everything and Nothing (New Directions Pearls),Jorge Luis Borges
Everything Begins and Ends at the Kentucky Club,Benjamin Alire Senz
Everything Flows (New York Review Books Classics),Vasily Grossman
Everything I Never Told You,Celeste Ng
Everything Is Illuminated: A Novel,Jonathan Safran Foer
Everything's Eventual: 14 Dark Tales,Stephen King
Evidence: Poems,Mary Oliver
Evolution of an Unorthodox Rabbi,John Moscowitz
Ex Libris: Confessions of a Common Reader,Anne Fadiman
Exclusive,Sandra Brown
Exclusive (The Godmothers),Fern Michaels
"Excursions with Thoreau: Philosophy, Poetry, Religion",Edward F. Mooney
Exemplary Stories (Oxford World's Classics),Miguel de Cervantes
Exemplary Traits: Reading Characterization in Roman Poetry,J. Mira Seo
Existentialism Is a Humanism,Jean-Paul Sartre
"Exploring Literature: Writing and Arguing about Fiction, Poetry, Drama, and the Essay, 5th Edition",Frank Madden
Exploring the Northern Tradition,Galina Krasskova
Explosion in a Cathedral,Alejo Carpentier
Extracting the Stone of Madness: Poems 1962 - 1972,Alejandra Pizarnik
"Extravagant Postcolonialism: Modernism and Modernity in Anglophone Fiction, 1958-1988",Brian T. May
Extreme Metaphors,J.G Ballard
Eyes Like Mine,Lauren Cecile
Eyes Only,Fern Michaels
Eyes: Novellas and Stories,William H. Gass
Eyewitness Christmas,Shell Isenhoff
Ezra Pound: Poet: Volume III: The Tragic Years 1939-1972,A. David Moody
F for Effort: More of the Very Best Totally Wrong Test Answers,Richard Benson
Face Off - The Baddest Chick Part 4,Nisa Santiago
Faces of the Game,Mandi Mac
Faces of the Game 2 (Volume 2),Mandi Mac
Facing Unpleasant Facts,George Orwell
Faggots,Larry Kramer
Fahrenheit 451,Ray Bradbury
"Fair Share Divorce for Women, Second Edition: The Definitive Guide to Creating a Winning Solution",Kathleen A. Miller
Fairy Godmothers Inc.,Jenniffer Wardell
Fairy-Faith in Celtic Countries (Library of the Mystic Arts),Walter Evans-Wentz
Faith and Fat Chances: A Novel,Carla Trujillo
Faith Healer,Brian Friel
Faithful and Virtuous Night: Poems,Louise Glck
Fake Fruit Factory,Patrick Wensink
Fala,Dana Kittendorf
Fall Leaves,Loretta Holland
Fall of Giants: Book One of the Century Trilogy,Ken Follett
Fall of Giants: Book One of the Century Trilogy,Ken Follett
Fall of Poppies: Stories of Love and the Great War,Heather Webb
Falling For a Drug Dealer (Volume 1),Melikia Gaino
Falling for You,Jill Mansell
Fallout,Ellen Hopkins
Family Affair LP,Debbie Macomber
"Family Furnishings: Selected Stories, 1995-2014 (Vintage International)",Alice Munro
Family Life: A Novel,Akhil Sharma
Family of Lies,Mary Monroe
Fans of the Impossible Life,Kate Scelsa
Fantasmagoria,Rick Wayne
Far Away (Nick Hern Books Drama Classics),Caryl Churchill
Far from the Madding Crowd (Penguin Classics),Thomas Hardy
Fast Animal,Tim Seibles
Fat City (New York Review Books Classics),Leonard Gardner
Fat Pig: A Play,Neil LaBute
"Fatal Decision: Edith Cavell, World War I Nurse",Terri Arthur
Fate Is the Hunter: A Pilot's Memoir,Ernest K. Gann
Fatelessness,Imre Kertesz
Fates and Furies: A Novel,Lauren Groff
"Father Comes Home From the Wars (Parts 1, 2 & 3)",Suzan-Lori Parks
Father Marquette and the Great Rivers (Vision Book),August Derleth
Fathers and Sons (Oxford World's Classics),Ivan Turgenev
Fathers and Sons (Penguin Classics),Ivan Turgenev
"Faust, Part One (Oxford World's Classics) (Pt. 1)",J. W. von Goethe
Faust: Part Two (Oxford World's Classics) (Pt. 2),J. W. von Goethe
Favorite Folktales from Around the World (The Pantheon Fairy Tale and Folklore Library),Jane Yolen
Favorite Novels and Stories: Four-Book Collection (Dover Thrift Editions),Jack London
Favorite Poems (Dover Thrift Editions),William Wordsworth
Fear and Loathing at Rolling Stone: The Essential Writing of Hunter S. Thompson,Hunter S. Thompson
Fear of Dying: A Novel,Erica Jong
Federal Agent (Violators: The Coalition) (Volume 3),Nancy Brooks
"Feed Your Vow, Poems for Falling into Fullness",Brooke McNamara
Feet of Clay: A Novel of Discworld,Terry Pratchett
Fefu and Her Friends,Maria Irene Fornes
Felicity: Poems,Mary Oliver
Female Hustler,Joy Deja King
Female Hustler Part 2,Joy Deja King
Fences,August Wilson
Fences (August Wilson Century Cycle),August Wilson
Fever 1793,Laurie Halse Anderson
Fever at Dawn,Pter Grdos
Fevre Dream,George R. R. Martin
"Feydeau Plays: 1: Heart's Desire Hotel, Sauce for the Goose, The One That Got Away, Now You See it, Pig in a Poke (World Classics) (Vol 1)",Georges Feydeau
Ficciones (Spanish Edition),Jorge Luis Borges
Fields of Fire,James Webb
Fierce and True: Plays for Teen Audiences,ChildrenEEs Theatre Company
Fierce Day,Rose Styron
Fiercombe Manor,Kate Riordan
Fifteen One-Act Plays,Sam Shepard
Fifteen Years,Kendra Norman-Bellamy
Fifty Letters of Pliny,Pliny the Younger
Fifty Shades of Dorian Gray (Classic),Nicole Audrey Spector
"Fighting for Rome: Poets and Caesars, History and Civil War",John Henderson
Figures of Speech Used in the Bible,E. W. Bullinger
Filth,Irvine Welsh
Finale: A Novel of the Reagan Years,Thomas Mallon
Finding Amos,J.D. Mason
Finding Emma (Finding Emma Series),Steena Holmes
Finding Freedom: Writings from Death Row,Jarvis Jay Masters
Finding Out: A Novel,Sheryn MacMunn
Finding Soul on the Path of Orisa: A West African Spiritual Tradition,Tobe Melora Correal
Finding the Dream: Dream Trilogy,Nora Roberts
Finding Them Gone: Visiting China's Poets of the Past,Red Pine
Fingersmith,Sarah Waters
Finish This Book,Keri Smith
Finishing Forty,Sean Patrick Brennan
Fire,Sebastian Junger
Fire Ice (The NUMA Files),Clive Cussler
Fire in Beulah,Rilla Askew
Fire in the Head: Shamanism and the Celtic Spirit,Tom Cowan
Fire in the Hole: Stories,Elmore Leonard
Fire in the Treetops: Celebrating Twenty-Five Years  of Haiku North America,"Michael Dylan Welch, Editor"
Fire Rising (Dark Kings),Donna Grant
Firefly Lane,Kristin Hannah
Firestorm (Anna Pigeon),Nevada Barr
First Frost,Sarah Addison Allen
First Love and Other Stories (Oxford World's Classics),Ivan Turgenev
Fishing Stories (Everyman's Pocket Classics),Henry Hughes
Five Ghosts Volume 1: The Haunting of Fabian Gray TP,Frank J. Barbiere
Five Great Greek Tragedies (Dover Thrift Editions),Sophocles
Five Great Science Fiction Novels (Dover Thrift Editions),H. G. Wells
Five Smooth Stones: A Novel (Rediscovered Classics),Ann Fairbairn
Five Women Wearing the Same Dress,Alan Ball
"Five Years of My Life, 1894-1899 (Classic Reprint)",Alfred Dreyfus
Flaming Iguanas: An Illustrated All-Girl Road Novel Thing,Erika Lopez
Flannery O'Connor : Collected Works : Wise Blood / A Good Man Is Hard to Find / The Violent Bear It Away / Everything that Rises Must Converge / Essays & Letters (Library of America),Flannery O'Connor
Flat Water Tuesday: A Novel,Ron Irwin
Flight Behavior: A Novel,Barbara Kingsolver
Flight of the Sparrow: A Novel of Early America,Amy Belding Brown
Flight: A Novel,Sherman Alexie
Flint: A Novel,Louis L'Amour
Flirt: The Interviews,Lorna Jackson
Flood of Fire: A Novel (The Ibis Trilogy),Amitav Ghosh
Flower Fairies of the Autumn,Cicely Mary Barker
Flowers and Stone,Jan Sikes
Flowers for Algernon,Daniel Keyes
Flowers in the Attic (Dollanganger),V.C. Andrews
Flowers in the Attic /  Petals on the Wind / If There Be Thorns / Seeds of Yesterday / Garden of Shadows,Virginia Andrews
Fludd: A Novel,Hilary Mantel
Fly Away,Kristin Hannah
Flyin' West and Other Plays,Pearl Cleage
Flying Changes: A Novel (Riding Lessons),Sara Gruen
Flying Colours (Hornblower Saga),C. S. Forester
Flying Too High : a Phryne Fisher Mystery,Kerry Greenwood
Folk Medicine in Southern Appalachia,Anthony Cavender
Folk Medicine: A Vermont Doctor's Guide to Good Health,D. C. Jarvis
"Folktales and Fairy Tales [4 volumes]: Traditions and Texts from around the World, 2nd Edition",Donald Haase Ph.D.
"Folktales on Stage: Children's Plays for Readers Theater, with 16 Reader's Theatre Play Scripts from World Folk and Fairy Tales and Legends, Including Asian, African, Middle Eastern, & Native American",Aaron Shepard
Follies of God: Tennessee Williams and the Women of the Fog,James Grissom
Fool for Love - Acting Edition,Sam Shepard
Fool for Love and Other Plays,Sam Shepard
Fools Crow (Penguin Classics),James Welch
For All My Walking,Santoka Taneda
For Love of the Game,Michael Shaara
For One More Day Large Print Edition,Mitch Albom
For the Love of 2am: Poetry For Insomniacs,Zena A. White
For the Sake of Love (Urban Books),Dwan Abrams
For Today I Am a Boy,Kim Fu
For Whom the Bell Tolls,Ernest Hemingway
For Whom The Bell Tolls,Ernest Hemingway
For Your Love: A Blessings Novel,Beverly Jenkins
Forbidden Acts: Pioneering Gay & Lesbian Plays of the 20th Century,Ben Hodges
Force Majeure: A Novel,Bruce Wagner
Fore!: The Best of Wodehouse on Golf (P.G. Wodehouse Collection),P. G. Wodehouse
"Foreign Gods, Inc.",Okey Ndibe
Foreign Influence: A Thriller (The Scot Harvath Series),Brad Thor
Forensics Duo Series Volume 4: Duo Practice and Competition Thirty-five 8-10 Minute Original Dramatic Plays for Two Females,Ira Brodsky
Forest Primeval: Poems,Vievee Francis
Forever a Hustler's Wife: A Novel (Nikki Turner Original),Nikki Turner
Forever an Ex: A Novel,Victoria Christopher Murray
Forever Human,Tom Conyers
"Forever, Interrupted: A Novel",Taylor Jenkins Reid
Forgiven (Urban Christian),Vanessa Miller
Forgotten (Forsaken) (Volume 3),Vanessa Miller
Forgotten Country,Catherine Chung
Form Line of Battle! (The Bolitho Novels) (Volume 9),Alexander Kent
Forrest Gump,Winston Groom
Forsaken (Urban Books),Vanessa Miller
Fortune Smiles: Stories,Adam Johnson
Forty Stories (Vintage Classics),Anton Chekhov
Foundations Of The Republic: Speeches And Addresses,Calvin Coolidge
Four Comedies,Aristophanes
Four Comedies: The Braggart Soldier; The Brothers Menaechmus; The Haunted House; The Pot of Gold (Oxford World's Classics),Plautus
"Four Greek Plays: The Agamemnon, The Oedipus Rex, The Alcestis, The Birds",Aeschylus and Sophocles
"Four Major Plays: Lysistrata, The Acharnians, The Birds, The Clouds",Aristophanes
Four Plays,Samuel D. Hunter
Four Plays by Aristophanes: The Birds; The Clouds; The Frogs; Lysistrata (Meridian Classics),Aristophanes
"Four Tragedies: Ajax, Women of Trachis, Electra, Philoctetes",Sophocles
Four-Legged Girl: Poems,Diane Seuss
Fourplay: A Novel,Jane Moore
Fourth of July Creek: A Novel,Smith Henderson
Foxfire 10,Inc. Foxfire Fund
Foxfire 9,Inc. Foxfire Fund
Fragile Things: Short Fictions and Wonders,Neil Gaiman
"Fragments: Poems, Intimate Notes, Letters",Marilyn Monroe
Francesco: Una vida entre el cielo y la tierra (Spanish Edition),Yohana Garca
Francis Bacon: The Major Works (Oxford World's Classics),Francis Bacon
Frank N' Goat: A Tale of Freakish Friendship,Jessica Watts
Frankenstein,Mary Shelley
Frankenstein (Hardcover Classics),Mary Shelley
Frankenstein (Second Edition)  (Norton Critical Editions),Mary Shelley
Frankenstein Makes a Sandwich,Adam Rex
Frankenstein: (Penguin Classics Deluxe Edition),Mary Shelley
Frankenstein: IT Support,James Livingood
Frankie and Johnny in the Claire de Lune,Terrence McNally
Franny and Zooey,J. D. Salinger
Franz Kafka: The Complete Stories,Franz Kafka
Freaks I've Met,Donald Jans
"Frederick Law Olmsted: Writings on Landscape, Culture, and Society: (Library of America #270)",Frederick Law Olmsted
Free to Be...You and Me (The 35th Anniversary Edition),Marlo Thomas and Friends
Freedom from Fear: And Other Writings,Aung San Suu Kyi
Freedom Time: The Poetics and Politics of Black Experimental Writing (The  Callaloo African Diaspora Series),Anthony Reed
Freedom: A Novel (Oprah's Book Club),Jonathan Franzen
Freedom's Battle Being A Comprehensive Collection Of Writings And Speeches On The Present Situation,Mahatma Gandhi
Freeman,Leonard Jr. Pitts
Freezer Burn,Joe R Lansdale
French Grammar (Quickstudy: Academic),Inc. BarCharts
Freud's Rome: Psychoanalysis and Latin Poetry (Roman Literature and its Contexts),Ellen Oliensis
Friday Night Love (Days Of Grace V1),Tia McCollors
Fried Green Tomatoes at the Whistle Stop Cafe: A Novel,Fannie Flagg
Friends & Foes,ReShonda Tate Billingsley
Friends with Full Benefits,Luke Young
Friends With Partial Benefits (Friends With... Benefits Series (Book 1)),Luke Young
Frog: A Novel,Mo Yan
Frogs and Other Plays (Penguin Classics),Aristophanes
"From Distant Days: Myths, Tales, and Poetry of Ancient Mesopotamia",Benjamin R. Foster
"From Hitler's Doorstep: The Wartime Intelligence Reports of Allen Dulles, 1942-1945",Neal H. Petersen
From Olympus to Camelot: The World of European Mythology,David Leeming
From Russia with Love (James Bond Series),Ian Fleming
From Slave to Governor: the Unlikely Life of Lott Cary,Perry Thomas
From the Cincinnati Reds to the Moscow Reds: The Memoirs of Irwin Weil (Jews of Russia & Eastern Europe and Their Legacy),Irwin Weil
From the Dissident Right II: Essays 2013,John Derbyshire
From the Listening Hills: Stories,Louis L'Amour
From the New World: Poems 1976-2014,Jorie Graham
From the Soul: My Haiku and My Senryu,Opal F. Caleb
Frostgrave: Thaw of the Lich Lord,Joseph A. McCullough
Frozen Socks: New & Selected Short Poems,Alan Pizzarelli
Fucked Up Shit: A Mixtape Anthology,Berti Walker
Fugitive Colors: A Novel,Lisa Barr
Full Black: A Thriller (The Scot Harvath Series),Brad Thor
Full Circle (Urban Books),Skyy
"Full Dark, No Stars",Stephen King
Full Force and Effect (Jack Ryan),Mark Greaney
Fun Home,Jeanine Tesori
Funny 4 God: A Variety of Christian Comedy Skits,Rick Eichorn
Funny Girl: A Novel,Nick Hornby
"Gabriel Marcel's Perspectives on the Broken World: The Broken World, a Four-Act Play : Followed by Concrete Approaches to Investigating the Ontological Mystery (Marquette Studies in Philosophy)",Gabriel Marcel
Gabriel: A Poem,Edward Hirsch
Gaia Codex,Sarah Drew
"Galateo: Or, The Rules of Polite Behavior",Giovanni Della Casa
Galore,Michael Crummey
"Gambled: A Novella: Titan, Book 3.25",Cristin Harber
Game Seven,Tom Rock
Ganesha Goes to Lunch: Classics from Mystic India (Mandala Classics),Kamla K. Kapur
Gangsta (Urban Books),K'wan
Garden of Shadows (Dollanganger),V.C. Andrews
Garden Spells (Bantam Discovery),Sarah Addison Allen
Gardenias: A Novel,Faith Sullivan
GARDENS IN THE DUNES: A Novel,Leslie Marmon Silko
Gate of the Sun,Elias Khoury
Gates of Fire,Steven Pressfield
Gates of Fire: An Epic Novel of the Battle of Thermopylae,Steven Pressfield
Gates of Gold,Frank McGuinness
Gathering of Waters,Bernice L. McFadden
Gaunt's Ghosts: The Founding,Dan Abnett
Gem of the Ocean,August Wilson
Gemini: A Novel,Carol Cassella
Gems of Gemvron: Five Onyx Stones,Mr Michael J Murtuagh
Gender Trouble: Feminism and the Subversion of Identity (Routledge Classics),Judith Butler
Genealogical Fictions: Cultural Periphery and Historical Change in the Modern Novel,Jobst Welge
Genealogy of the Tragic: Greek Tragedy and German Philosophy,Joshua Billings
General A. P. Stewart: His Life And Letters,Marshall Wingfield
Genesis Revisited (Earth Chronicles),Zecharia Sitchin
George,Alex Gino
George MacDonald: An Anthology 365 Readings,George MacDonald
"George R. R. Martin's A Game of Thrones Leather-Cloth Boxed Set (Song of Ice and Fire Series): A Game of Thrones, A Clash of Kings, A Storm of Swords, A Feast for Crows, and A Dance with Dragons",George R. R. Martin
George Washington Gomez: A Mexicotexan Novel,Americo Paredes
Georgette Heyer,Jennifer Kloester
Georgette Heyer's Regency World,Jennifer Kloester
Gerard Manley Hopkins: The Major Works (Oxford World's Classics),Gerard Manley Hopkins
Geronimo Rex,Barry Hannah
Getting Back,Kelly Sinclair
Getting Over Kyle: Second Chances Series Book II (Volume 2),A. W. Myrie
Getting to Happy,Terry McMillan
Gettysburg Address and Other Writings,Abraham Lincoln
Ghetto Bastard (Animal),K'wan
Ghost Ship (The NUMA Files),Clive Cussler
Ghostly: A Collection of Ghost Stories,Audrey Niffenegger
Ghetto Love 4 (Volume 4),Sonovia Alexander
Ghost Medicine: An Ella Clah Novel,Aime Thurlo
Ghost of the Machine (ShatterGlass and WinterHeld) (Volume 1),Diana N. Logg
Ghosts of Bungo Suido,P. T. Deutermann
Ghosts of Manitowish Waters,G. M. Moore
"Giambattista Basile's The Tale of Tales, or Entertainment for Little Ones (Series in Fairy-Tale Studies)",Giambattista Basile
Gilead: A Novel,Marilynne Robinson
Gilgamesh: A Verse Narrative,Herbert Mason
Gillian's Island,Natalie Vivien
Giovanni's Room (Vintage International),James Baldwin
Girl at War: A Novel,Sara Novic
Girl in Translation,Jean Kwok
Girl Singer,Mick Carlon
Girlchild: A Novel,Tupelo Hassman
Glengarry Glen Ross: A Play,David Mamet
Glew I: Maneater (GLEW: the horse that eats people) (Volume 1),Michael R Peterson MP
Glimmer in the Darkness (Forgiveness),Nicole Hampton
Glitterwolf Magazine: Halloween Special,Matt Cresswell
Glorious,Bernice L. McFadden
Glorious: A Novel of the American West,Jeff Guinn
Go Set a Watchman: A Novel,Harper Lee
Go Tell It on the Mountain (Vintage International),James Baldwin
Go the F**k to Sleep,Adam Mansbach
God Don't Like Ugly,Mary Monroe
God Says No,James Hannaham
God's Country,Percival Everett
God's Formula,James Lepore
God's Kingdom: A Novel,Howard Frank Mosher
Goddess,Kelly Gardiner
Gods and Generals: A Novel of the Civil War (Civil War Trilogy),Jeff Shaara
Gods and Heroes of Ancient Greece (The Pantheon Fairy Tale and Folklore Library),Gustav Schwab
Gods and Kings (Chronicles of the Kings #1) (Volume 1),Lynn Austin
Gods and Myths of Northern Europe,H.R. Ellis Davidson
Gods Behaving Badly: A Novel,Marie Phillips
Going Home: A Novel of the Civil War,James D. Shipman
Going to Meet the Man: Stories,James Baldwin
Gold: (Poiema Poetry),Barbara Crooker
Gold: A Novel,Chris Cleave
Golden Age: A novel (Last Hundred Years Trilogy),Jane Smiley
Golden State: A Novel,Michelle Richmond
Goldilocks and the Three Bears: Special Edition,Robert Southey
Golf in the Kingdom,Michael J. Murphy
GOLF MAGAZINE How To Hit Every Shot,Editors of Golf Magazine
GOLF MAGAZINE'S BIG BOOK OF BASICS: Your step-by-step guide to building a complete and reliable game from the ground up WITH THE TOP 100 TEACHERS IN AMERICA,GOLF Magazine
GOLF Magazine's The Par Plan: A Revolutionary System to Shoot Your Best Score in 30 Days,GOLF Magazine
Golf: The Best Short Game Instruction Book Ever!,Editors of Golf Magazine
Golfing with God: A Novel of Heaven and Earth,Roland Merullo
Gone (Hannah Smith Novels),Randy Wayne White
Good Bones and Simple Murders,Margaret Atwood
"Good Dog: True Stories of Love, Loss, and Loyalty",Editors of Garden and Gun
Good Faeries/Bad Faeries,Brian Froud
Good People,David Lindsay-Abaire
Goth,Otsuichi
Gothic Tales (Penguin Classics),Elizabeth Gaskell
Grace - Acting Edition,Craig Wright
Grace: A Novel,Richard Paul Evans
Graceland (Today Show Pick January 2005),Chris Abani
Graceland and Asleep on the Wind,Ellen Byron
Graffiti and the Literary Landscape in Roman Pompeii,Kristina Milnor
"Graham R.: Rosamund Marriott Watson, Woman of Letters",Linda K. Hughes
Grand Central: Original Stories of Postwar Love and Reunion,Karen White
Grand Opening: A Family Business Novel (Family Business Novels),Carl Weber
Graphic Women: Life Narrative and Contemporary Comics (Gender and Culture Series),Hillary L. Chute
Grass Crown (Masters of Rome),Colleen McCullough
Gratitude,Oliver Sacks
Grave on Grand Avenue (An Officer Ellie Rush Mystery),Naomi Hirahara
Gravity,Tess Gerritsen
Gray,Pete Wentz
Great Books of the Western World,Mortimer J. Adler
Great Classic Stories: 22 Unabridged Classics,Derek Jacobi
Great Expectations (Dover Thrift Editions),Charles Dickens
Great Hunting Stories: Inspiring Adventures for Every Hunter,Steve Chapman
Great Short Works of Fyodor Dostoevsky (Harper Perennial Modern Classics),Fyodor Dostoevsky
Great Speeches (Dover Thrift Editions),Franklin Delano Roosevelt
Great Speeches of our Time,Hywel Williams
"Great Wilderness, A",Samuel D Hunter
Great with Child: Letters to a Young Mother,Beth Ann Fennelly
"Greece, in 1823 and 1824: Being a Series of Letters and Other Documents on the Greek Revolution, Written during a Visit to that Country (Cambridge Library Collection - European History)",Leicester Stanhope
Greek Drama (Bantam Classics),Moses Hadas
Greek Lexicon of the Roman and Byzantine Periods from B.C. 146 to A.D. 1100 V1,E. A. Sophocles
Greek Lexicon of the Roman and Byzantine Periods from B.C. 146 to A.D. 1100 V2,E. A. Sophocles
Greek Lyric Poetry (Bcp Greek Texts),David A. Campbell
"Greek Lyric, Volume III, Stesichorus, Ibycus, Simonides, and Others (Loeb Classical Library No. 476)",Stesichorus
Greek Lyric: Sappho and Alcaeus (Loeb Classical Library No. 142) (Volume I),Sappho
"Greek Tragedies, Volume 1",Aeschylus
"Greek Tragedies, Volume 2 The Libation Bearers (Aeschylus), Electra (Sophocles), Iphigenia in Tauris, Electra, & The Trojan Women (Euripides)",Aeschylus
"Greek Tragedy on the American Stage: Ancient Drama in the Commercial Theater, 1882-1994 (Contributions in Drama and Theatre Studies)",Karelisa Hartigan
Green Calder Grass,Janet Dailey
Green Eyes,Ari Eastman
Green Girl: A Novel (P.S.),Kate Zambreno
"Green Grass, Running Water",Thomas King
Green Hills of Africa,Ernest Hemingway
Green Skull and Crossbones Journal: 160 Page Lined Journal/Notebook,Mahtava Journals
Greenbeard,Richard James Bentley
Grey: Fifty Shades of Grey as Told By Christian By E L James | Summary & Analysis,Quick Read
Grief Lessons: Four Plays by Euripides (New York Review Books Classics),Euripides
Grimm's Complete Fairy Tales,Jacob Grimm
Grimm's Fairy Tales - Illustrated by Charles Folkard,Grimm Brothers
Growing Older with Jane Austen,Maggie Lane
Grown Folks Business: A Novel,Victoria Christopher Murray
Gruesome Playground Injuries,Rajiv Joseph
Gruesome Playground Injuries; Animals Out of Paper; Bengal Tiger at the Baghdad Zoo: Three Plays,Rajiv Joseph
Guerra y Paz (Spanish Edition),Len Tolsti
Gulliver's Travels,Jonathan Swift
Gulliver's Travels,Martin Rowson
Gulliver's Travels (Calla Editions),Jonathan Swift
Gulliver's Travels: A Signature Performance by David Hyde Pierce,Jonathan Swift
Gutenberg's Apprentice: A Novel,Alix Christie
Gutter: A Novel,K'wan
Gtz and Meyer: G?tz and Meyer (Serbian Literature),David Albahari$